{
  "threshold": 0.49,
  "f1": 0.952030827833636,
  "precision": 0.9641159056248318,
  "recall": 0.9402449693788276
}