{
  "threshold": 0.49,
  "f1": 0.9503476989856934,
  "precision": 0.9624114111420113,
  "recall": 0.9385826771653544
}