{
  "threshold": 0.51,
  "f1": 0.9549621363092866,
  "precision": 0.966908797417272,
  "recall": 0.9433070866141732
}