{
  "threshold": 0.4,
  "f1": 0.9264627894643804,
  "precision": 0.9360600107161994,
  "recall": 0.9170603674540683
}